{
  "dataset_name": "mitm_arp",
  "features": [
    "bidirectional_duration_ms",
    "bidirectional_packets",
    "bidirectional_bytes",
    "src2dst_packets",
    "src2dst_bytes",
    "dst2src_packets",
    "dst2src_bytes",
    "bidirectional_min_ps",
    "bidirectional_mean_ps",
    "bidirectional_stddev_ps",
    "bidirectional_max_ps",
    "src2dst_min_ps",
    "src2dst_mean_ps",
    "src2dst_stddev_ps",
    "dst2src_min_ps",
    "dst2src_mean_ps",
    "dst2src_stddev_ps",
    "bidirectional_min_piat_ms",
    "bidirectional_mean_piat_ms",
    "bidirectional_stddev_piat_ms",
    "bidirectional_max_piat_ms",
    "bidirectional_syn_packets",
    "bidirectional_fin_packets",
    "bidirectional_rst_packets",
    "protocol"
  ],
  "num_features": 25,
  "label_distribution": {
    "train": {
      "BENIGN": 37336,
      "MITM_ARP": 37336
    },
    "val": {
      "BENIGN": 8001,
      "MITM_ARP": 1854
    },
    "test": {
      "BENIGN": 8001,
      "MITM_ARP": 1854
    }
  },
  "sizes": {
    "train": 74672,
    "val": 9855,
    "test": 9855,
    "total": 94382
  },
  "class_weights": {
    "original": {
      "BENIGN": 0.615880115706021,
      "MITM_ARP": 2.6574020570900267
    },
    "balanced": {
      "BENIGN": 1.0,
      "MITM_ARP": 1.0
    }
  },
  "preprocessing": {
    "normalization": "StandardScaler",
    "imbalance_handling": "RandomUnderSampler + SMOTE",
    "max_samples": 500000,
    "target_ratio": 1.0,
    "random_state": 42
  }
}