{
  "dataset_name": "Syn",
  "features": [
    "Flow Duration",
    "Total Fwd Packets",
    "Total Backward Packets",
    "Total Length of Fwd Packets",
    "Total Length of Bwd Packets",
    "Fwd Packet Length Mean",
    "Fwd Packet Length Std",
    "Bwd Packet Length Mean",
    "Bwd Packet Length Std",
    "Flow Packets/s",
    "Flow Bytes/s",
    "Flow IAT Mean",
    "Flow IAT Std",
    "Fwd IAT Mean",
    "Fwd IAT Std",
    "Bwd IAT Mean",
    "Bwd IAT Std",
    "FIN Flag Count",
    "SYN Flag Count",
    "RST Flag Count",
    "PSH Flag Count",
    "ACK Flag Count",
    "URG Flag Count",
    "Fwd Header Length",
    "Bwd Header Length",
    "Subflow Fwd Packets",
    "Subflow Bwd Packets",
    "Subflow Fwd Bytes",
    "Subflow Bwd Bytes",
    "Protocol"
  ],
  "num_features": 30,
  "label_distribution": {
    "train": {
      "BENIGN": 500000,
      "DDoS_SYN": 500000
    },
    "val": {
      "DDoS_SYN": 534244,
      "BENIGN": 4655
    },
    "test": {
      "DDoS_SYN": 534243,
      "BENIGN": 4656
    }
  },
  "sizes": {
    "train": 1000000,
    "val": 538899,
    "test": 538899,
    "total": 2077798
  },
  "class_weights": {
    "original": {
      "DDoS_SYN": 0.5043571665221364,
      "BENIGN": 57.876737549479884
    },
    "balanced": {
      "BENIGN": 1.0,
      "DDoS_SYN": 1.0
    }
  },
  "preprocessing": {
    "normalization": "StandardScaler",
    "imbalance_handling": "RandomUnderSampler + SMOTE",
    "max_samples": 500000,
    "target_ratio": 1.0,
    "random_state": 42
  }
}