{
  "feature_type": "stateful",
  "samples": 206617,
  "features": [
    "rr",
    "A_frequency",
    "NS_frequency",
    "CNAME_frequency",
    "SOA_frequency",
    "NULL_frequency",
    "PTR_frequency",
    "HINFO_frequency",
    "MX_frequency",
    "TXT_frequency",
    "AAAA_frequency",
    "SRV_frequency",
    "OPT_frequency",
    "rr_count",
    "rr_name_entropy",
    "rr_name_length",
    "distinct_ns",
    "a_records",
    "ttl_mean",
    "ttl_variance"
  ],
  "num_features": 20,
  "class_distribution": {
    "BENIGN": 206236,
    "ATTACK": 381
  },
  "timestamp": "2025-12-05T15:53:28.082808"
}